,item_count,item_pred_rank
0,1319.0,2994.0
1,235.0,0.0
2,126.0,0.0
3,31.0,0.0
4,77.0,0.0
5,520.0,0.0
6,170.0,0.0
7,17.0,0.0
8,19.0,0.0
9,386.0,0.0
10,565.0,122.0
11,23.0,0.0
12,43.0,0.0
13,68.0,0.0
14,23.0,0.0
15,361.0,0.0
16,483.0,0.0
17,57.0,0.0
18,57.0,0.0
19,17.0,0.0
20,638.0,0.0
21,136.0,0.0
22,27.0,0.0
23,212.0,0.0
24,486.0,0.0
25,44.0,0.0
26,13.0,0.0
27,119.0,0.0
28,242.0,0.0
29,34.0,0.0
30,34.0,0.0
31,868.0,2568.0
32,1005.0,1914.0
33,22.0,0.0
34,519.0,3.0
35,6.0,0.0
36,672.0,114.0
37,15.0,0.0
38,161.0,0.0
39,48.0,0.0
40,66.0,0.0
41,62.0,0.0
42,232.0,0.0
43,48.0,0.0
44,726.0,46.0
45,105.0,0.0
46,13.0,0.0
47,1291.0,5295.0
48,205.0,0.0
49,7.0,0.0
50,6.0,0.0
51,14.0,0.0
52,30.0,0.0
53,308.0,0.0
54,109.0,0.0
55,16.0,0.0
56,267.0,0.0
57,27.0,0.0
58,6.0,0.0
59,14.0,0.0
60,29.0,0.0
61,141.0,0.0
62,311.0,0.0
63,9.0,0.0
64,44.0,0.0
65,117.0,0.0
66,30.0,0.0
67,35.0,0.0
68,13.0,0.0
69,19.0,0.0
70,17.0,0.0
71,25.0,0.0
72,58.0,0.0
73,44.0,0.0
74,14.0,0.0
75,6.0,0.0
76,87.0,0.0
77,96.0,0.0
78,6.0,0.0
79,50.0,0.0
80,57.0,0.0
81,7.0,0.0
82,7.0,0.0
83,85.0,0.0
84,146.0,0.0
85,8.0,0.0
86,27.0,0.0
87,23.0,0.0
88,28.0,0.0
89,139.0,0.0
90,9.0,0.0
91,317.0,0.0
92,135.0,0.0
93,6.0,0.0
94,92.0,0.0
95,1581.0,4123.0
96,800.0,2576.0
97,241.0,0.0
98,11.0,0.0
99,26.0,0.0
100,36.0,0.0
101,18.0,0.0
102,23.0,0.0
103,40.0,0.0
104,67.0,0.0
105,175.0,0.0
106,11.0,0.0
107,9.0,0.0
108,6.0,0.0
109,10.0,0.0
110,29.0,0.0
111,47.0,0.0
112,319.0,0.0
113,175.0,0.0
114,134.0,0.0
115,5.0,0.0
116,80.0,0.0
117,3.0,0.0
118,26.0,0.0
119,799.0,18.0
120,258.0,0.0
121,20.0,0.0
122,127.0,0.0
123,86.0,0.0
124,33.0,0.0
125,28.0,0.0
126,42.0,0.0
127,69.0,0.0
128,39.0,0.0
129,46.0,0.0
130,394.0,0.0
131,294.0,0.0
132,214.0,0.0
133,178.0,0.0
134,378.0,0.0
135,11.0,0.0
136,105.0,0.0
137,8.0,0.0
138,90.0,0.0
139,45.0,0.0
140,81.0,0.0
141,56.0,0.0
142,13.0,0.0
143,94.0,0.0
144,123.0,0.0
145,34.0,0.0
146,9.0,0.0
147,210.0,0.0
148,5.0,0.0
149,13.0,0.0
150,12.0,0.0
151,9.0,0.0
152,123.0,0.0
153,40.0,0.0
154,31.0,0.0
155,59.0,0.0
156,6.0,0.0
157,47.0,0.0
158,8.0,0.0
159,15.0,0.0
160,114.0,0.0
161,28.0,0.0
162,121.0,0.0
163,217.0,0.0
164,68.0,0.0
165,5.0,0.0
166,4.0,0.0
167,66.0,0.0
168,56.0,0.0
169,34.0,0.0
170,49.0,0.0
171,79.0,0.0
172,119.0,0.0
173,7.0,0.0
174,11.0,0.0
175,17.0,0.0
176,80.0,0.0
177,19.0,0.0
178,85.0,0.0
179,125.0,0.0
180,10.0,0.0
181,45.0,0.0
182,8.0,0.0
183,145.0,0.0
184,830.0,721.0
185,146.0,0.0
186,75.0,0.0
187,22.0,0.0
188,47.0,0.0
189,142.0,0.0
190,243.0,0.0
191,225.0,0.0
192,111.0,0.0
193,21.0,0.0
194,474.0,0.0
195,110.0,0.0
196,67.0,0.0
197,8.0,0.0
198,45.0,0.0
199,8.0,0.0
200,9.0,0.0
201,37.0,0.0
202,488.0,31.0
203,269.0,0.0
204,32.0,0.0
205,135.0,0.0
206,6.0,0.0
207,121.0,0.0
208,316.0,0.0
209,10.0,0.0
210,7.0,0.0
211,43.0,0.0
212,37.0,0.0
213,27.0,0.0
214,24.0,0.0
215,2108.0,5944.0
216,134.0,0.0
217,98.0,0.0
218,16.0,0.0
219,423.0,0.0
220,290.0,0.0
221,31.0,0.0
222,23.0,0.0
223,23.0,0.0
224,23.0,0.0
225,20.0,0.0
226,186.0,0.0
227,64.0,0.0
228,12.0,0.0
229,37.0,0.0
230,52.0,0.0
231,7.0,0.0
232,22.0,0.0
233,97.0,0.0
234,108.0,0.0
235,74.0,0.0
236,4.0,0.0
237,239.0,0.0
238,46.0,0.0
239,100.0,0.0
240,240.0,0.0
241,601.0,15.0
242,14.0,0.0
243,1439.0,5344.0
244,12.0,0.0
245,17.0,0.0
246,74.0,0.0
247,375.0,0.0
248,16.0,0.0
249,52.0,0.0
250,100.0,0.0
251,9.0,0.0
252,11.0,0.0
253,214.0,0.0
254,158.0,0.0
255,112.0,0.0
256,25.0,0.0
257,15.0,0.0
258,14.0,0.0
259,168.0,0.0
260,35.0,0.0
261,461.0,35.0
262,203.0,0.0
263,1652.0,6838.0
264,157.0,0.0
265,14.0,0.0
266,32.0,0.0
267,106.0,0.0
268,20.0,0.0
269,10.0,0.0
270,43.0,0.0
271,78.0,0.0
272,43.0,0.0
273,377.0,0.0
274,29.0,0.0
275,6.0,0.0
276,18.0,0.0
277,185.0,0.0
278,67.0,0.0
279,19.0,0.0
280,6.0,0.0
281,382.0,0.0
282,46.0,0.0
283,274.0,0.0
284,29.0,0.0
285,15.0,0.0
286,255.0,0.0
287,5.0,0.0
288,248.0,0.0
289,272.0,0.0
290,54.0,0.0
291,14.0,0.0
292,230.0,0.0
293,583.0,15.0
294,197.0,0.0
295,88.0,0.0
296,37.0,0.0
297,298.0,0.0
298,24.0,0.0
299,25.0,0.0
300,1354.0,6828.0
301,644.0,20.0
302,46.0,0.0
303,21.0,0.0
304,100.0,0.0
305,84.0,0.0
306,46.0,0.0
307,585.0,0.0
308,26.0,0.0
309,65.0,0.0
310,409.0,0.0
311,349.0,0.0
312,20.0,0.0
313,92.0,0.0
314,66.0,0.0
315,125.0,0.0
316,149.0,0.0
317,13.0,0.0
318,7.0,0.0
319,99.0,0.0
320,758.0,1509.0
321,33.0,0.0
322,95.0,0.0
323,649.0,447.0
324,74.0,0.0
325,62.0,0.0
326,90.0,0.0
327,10.0,0.0
328,8.0,0.0
329,17.0,0.0
330,49.0,0.0
331,9.0,0.0
332,23.0,0.0
333,15.0,0.0
334,5.0,0.0
335,6.0,0.0
336,7.0,0.0
337,19.0,0.0
338,5.0,0.0
339,48.0,0.0
340,24.0,0.0
341,12.0,0.0
342,104.0,0.0
343,130.0,0.0
344,32.0,0.0
345,18.0,0.0
346,15.0,0.0
347,10.0,0.0
348,92.0,0.0
349,5.0,0.0
350,12.0,0.0
351,54.0,0.0
352,38.0,0.0
353,18.0,0.0
354,61.0,0.0
355,10.0,0.0
356,46.0,0.0
357,71.0,0.0
358,18.0,0.0
359,153.0,0.0
360,29.0,0.0
361,179.0,0.0
362,54.0,0.0
363,6.0,0.0
364,190.0,0.0
365,95.0,0.0
366,25.0,0.0
367,28.0,0.0
368,533.0,0.0
369,304.0,0.0
370,161.0,0.0
371,13.0,0.0
372,8.0,0.0
373,14.0,0.0
374,161.0,0.0
375,101.0,0.0
376,35.0,0.0
377,70.0,0.0
378,27.0,0.0
379,15.0,0.0
380,17.0,0.0
381,361.0,0.0
382,42.0,0.0
383,55.0,0.0
384,1298.0,7534.0
385,27.0,0.0
386,32.0,0.0
387,30.0,0.0
388,8.0,0.0
389,38.0,0.0
390,41.0,0.0
391,122.0,0.0
392,18.0,0.0
393,116.0,0.0
394,15.0,0.0
395,290.0,0.0
396,5.0,0.0
397,12.0,0.0
398,539.0,811.0
399,188.0,0.0
400,7.0,0.0
401,87.0,0.0
402,21.0,0.0
403,1415.0,5970.0
404,113.0,0.0
405,74.0,0.0
406,35.0,0.0
407,5.0,0.0
408,74.0,0.0
409,15.0,0.0
410,12.0,0.0
411,14.0,0.0
412,9.0,0.0
413,67.0,0.0
414,75.0,0.0
415,176.0,0.0
416,142.0,0.0
417,163.0,0.0
418,18.0,0.0
419,13.0,0.0
420,398.0,0.0
421,9.0,0.0
422,7.0,0.0
423,336.0,0.0
424,33.0,0.0
425,10.0,0.0
426,6.0,0.0
427,44.0,0.0
428,10.0,0.0
429,56.0,0.0
430,137.0,0.0
431,314.0,0.0
432,319.0,0.0
433,42.0,0.0
434,45.0,0.0
435,19.0,0.0
436,155.0,0.0
437,263.0,0.0
438,52.0,0.0
439,109.0,0.0
440,20.0,0.0
441,12.0,0.0
442,100.0,0.0
443,46.0,0.0
444,38.0,0.0
445,64.0,0.0
446,219.0,0.0
447,8.0,0.0
448,1669.0,6998.0
449,10.0,0.0
450,418.0,0.0
451,175.0,0.0
452,123.0,0.0
453,34.0,0.0
454,155.0,0.0
455,160.0,0.0
456,19.0,0.0
457,55.0,0.0
458,171.0,0.0
459,508.0,139.0
460,14.0,0.0
461,1217.0,3714.0
462,40.0,0.0
463,259.0,0.0
464,20.0,0.0
465,24.0,0.0
466,33.0,0.0
467,18.0,0.0
468,87.0,0.0
469,48.0,0.0
470,510.0,0.0
471,160.0,0.0
472,302.0,0.0
473,359.0,0.0
474,93.0,0.0
475,29.0,0.0
476,7.0,0.0
477,268.0,0.0
478,4.0,0.0
479,6.0,0.0
480,20.0,0.0
481,6.0,0.0
482,21.0,0.0
483,26.0,0.0
484,7.0,0.0
485,17.0,0.0
486,8.0,0.0
487,70.0,0.0
488,24.0,0.0
489,16.0,0.0
490,20.0,0.0
491,87.0,0.0
492,12.0,0.0
493,102.0,0.0
494,206.0,0.0
495,497.0,0.0
496,738.0,29.0
497,1645.0,8907.0
498,812.0,37.0
499,663.0,18.0
500,1837.0,8605.0
501,413.0,0.0
502,576.0,0.0
503,243.0,0.0
504,515.0,61.0
505,5.0,0.0
506,166.0,0.0
507,12.0,0.0
508,24.0,0.0
509,17.0,0.0
510,75.0,0.0
511,8.0,0.0
512,1689.0,1061.0
513,13.0,0.0
514,274.0,0.0
515,43.0,0.0
516,8.0,0.0
517,46.0,0.0
518,46.0,0.0
519,104.0,0.0
520,6.0,0.0
521,6.0,0.0
522,22.0,0.0
523,58.0,0.0
524,284.0,0.0
525,8.0,0.0
526,8.0,0.0
527,9.0,0.0
528,31.0,0.0
529,26.0,0.0
530,9.0,0.0
531,17.0,0.0
532,10.0,0.0
533,9.0,0.0
534,198.0,0.0
535,634.0,1263.0
536,10.0,0.0
537,36.0,0.0
538,202.0,0.0
539,5.0,0.0
540,12.0,0.0
541,238.0,0.0
542,35.0,0.0
543,113.0,0.0
544,20.0,0.0
545,5.0,0.0
546,34.0,0.0
547,15.0,0.0
548,39.0,0.0
549,233.0,0.0
550,81.0,0.0
551,118.0,0.0
552,200.0,0.0
553,26.0,0.0
554,10.0,0.0
555,12.0,0.0
556,19.0,0.0
557,37.0,0.0
558,13.0,0.0
559,21.0,0.0
560,46.0,0.0
561,14.0,0.0
562,42.0,0.0
563,11.0,0.0
564,6.0,0.0
565,20.0,0.0
566,74.0,0.0
567,262.0,0.0
568,38.0,0.0
569,7.0,0.0
570,8.0,0.0
571,80.0,0.0
572,27.0,0.0
573,6.0,0.0
574,16.0,0.0
575,52.0,0.0
576,318.0,149.0
577,16.0,0.0
578,118.0,0.0
579,17.0,0.0
580,114.0,0.0
581,7.0,0.0
582,646.0,1376.0
583,44.0,0.0
584,362.0,0.0
585,22.0,0.0
586,199.0,0.0
587,27.0,0.0
588,13.0,0.0
589,483.0,0.0
590,13.0,0.0
591,7.0,0.0
592,117.0,0.0
593,968.0,703.0
594,6.0,0.0
595,10.0,0.0
596,5.0,0.0
597,36.0,0.0
598,13.0,0.0
599,27.0,0.0
600,28.0,0.0
601,21.0,0.0
602,29.0,0.0
603,39.0,0.0
604,8.0,0.0
605,6.0,0.0
606,8.0,0.0
607,451.0,0.0
608,9.0,0.0
609,776.0,887.0
610,45.0,0.0
611,18.0,0.0
612,125.0,0.0
613,71.0,0.0
614,324.0,0.0
615,144.0,0.0
616,258.0,0.0
617,28.0,0.0
618,122.0,0.0
619,417.0,0.0
620,40.0,0.0
621,180.0,0.0
622,25.0,0.0
623,55.0,0.0
624,158.0,0.0
625,20.0,0.0
626,6.0,0.0
627,17.0,0.0
628,16.0,0.0
629,6.0,0.0
630,37.0,0.0
631,18.0,0.0
632,13.0,0.0
633,13.0,0.0
634,78.0,0.0
635,12.0,0.0
636,245.0,0.0
637,6.0,0.0
638,32.0,0.0
639,39.0,0.0
640,89.0,0.0
641,287.0,0.0
642,15.0,0.0
643,8.0,0.0
644,12.0,0.0
645,29.0,0.0
646,22.0,0.0
647,59.0,0.0
648,80.0,0.0
649,10.0,0.0
650,52.0,0.0
651,199.0,0.0
652,1631.0,3740.0
653,5.0,0.0
654,130.0,0.0
655,16.0,0.0
656,4.0,0.0
657,326.0,0.0
658,14.0,0.0
659,6.0,0.0
660,19.0,0.0
661,6.0,0.0
662,9.0,0.0
663,52.0,0.0
664,32.0,0.0
665,17.0,0.0
666,15.0,0.0
667,7.0,0.0
668,26.0,0.0
669,8.0,0.0
670,30.0,0.0
671,80.0,0.0
672,36.0,0.0
673,22.0,0.0
674,52.0,0.0
675,395.0,0.0
676,495.0,26.0
677,190.0,0.0
678,84.0,0.0
679,389.0,0.0
680,626.0,475.0
681,770.0,3112.0
682,251.0,0.0
683,116.0,0.0
684,60.0,0.0
685,934.0,3622.0
686,283.0,0.0
687,538.0,395.0
688,192.0,0.0
689,1161.0,3002.0
690,717.0,2854.0
691,407.0,0.0
692,200.0,0.0
693,288.0,0.0
694,40.0,0.0
695,97.0,0.0
696,1127.0,3770.0
697,648.0,1444.0
698,178.0,0.0
699,333.0,0.0
700,763.0,1295.0
701,1018.0,33.0
702,267.0,0.0
703,50.0,0.0
704,258.0,0.0
705,49.0,0.0
706,314.0,0.0
707,121.0,0.0
708,105.0,0.0
709,286.0,0.0
710,132.0,0.0
711,35.0,0.0
712,87.0,0.0
713,27.0,0.0
714,96.0,0.0
715,234.0,0.0
716,50.0,0.0
717,189.0,0.0
718,106.0,0.0
719,55.0,0.0
720,167.0,0.0
721,90.0,0.0
722,117.0,0.0
723,66.0,0.0
724,131.0,0.0
725,202.0,0.0
726,275.0,0.0
727,120.0,0.0
728,479.0,0.0
729,249.0,0.0
730,274.0,0.0
731,18.0,0.0
732,14.0,0.0
733,6.0,0.0
734,30.0,0.0
735,7.0,0.0
736,12.0,0.0
737,7.0,0.0
738,26.0,0.0
739,18.0,0.0
740,151.0,0.0
741,8.0,0.0
742,346.0,0.0
743,719.0,1757.0
744,15.0,0.0
745,162.0,0.0
746,43.0,0.0
747,8.0,0.0
748,29.0,0.0
749,56.0,0.0
750,40.0,0.0
751,7.0,0.0
752,111.0,0.0
753,5.0,0.0
754,23.0,0.0
755,5.0,0.0
756,77.0,0.0
757,289.0,0.0
758,54.0,0.0
759,11.0,0.0
760,14.0,0.0
761,94.0,0.0
762,7.0,0.0
763,4.0,0.0
764,22.0,0.0
765,20.0,0.0
766,14.0,0.0
767,19.0,0.0
768,54.0,0.0
769,33.0,0.0
770,85.0,0.0
771,79.0,0.0
772,21.0,0.0
773,145.0,0.0
774,110.0,0.0
775,43.0,0.0
776,97.0,0.0
777,48.0,0.0
778,115.0,0.0
779,41.0,0.0
780,278.0,0.0
781,121.0,0.0
782,55.0,0.0
783,302.0,0.0
784,139.0,0.0
785,41.0,0.0
786,144.0,0.0
787,6.0,0.0
788,113.0,0.0
789,564.0,6.0
790,280.0,0.0
791,88.0,0.0
792,132.0,0.0
793,253.0,0.0
794,113.0,0.0
795,76.0,0.0
796,483.0,0.0
797,1098.0,6622.0
798,103.0,0.0
799,283.0,0.0
800,213.0,0.0
801,25.0,0.0
802,12.0,0.0
803,59.0,0.0
804,192.0,0.0
805,156.0,0.0
806,80.0,0.0
807,36.0,0.0
808,6.0,0.0
809,36.0,0.0
810,20.0,0.0
811,123.0,0.0
812,195.0,0.0
813,447.0,0.0
814,176.0,0.0
815,9.0,0.0
816,43.0,0.0
817,123.0,0.0
818,11.0,0.0
819,18.0,0.0
820,68.0,0.0
821,733.0,0.0
822,12.0,0.0
823,461.0,10.0
824,209.0,0.0
825,804.0,9.0
826,556.0,24.0
827,196.0,0.0
828,73.0,0.0
829,68.0,0.0
830,444.0,0.0
831,68.0,0.0
832,236.0,0.0
833,9.0,0.0
834,249.0,0.0
835,788.0,628.0
836,719.0,0.0
837,77.0,0.0
838,339.0,0.0
839,255.0,0.0
840,648.0,495.0
841,315.0,0.0
842,207.0,0.0
843,1331.0,1302.0
844,127.0,0.0
845,80.0,0.0
846,502.0,82.0
847,232.0,0.0
848,312.0,0.0
849,56.0,0.0
850,10.0,0.0
851,16.0,0.0
852,6.0,0.0
853,5.0,0.0
854,8.0,0.0
855,9.0,0.0
856,214.0,0.0
857,19.0,0.0
858,201.0,0.0
859,213.0,0.0
860,49.0,0.0
861,842.0,4610.0
862,45.0,0.0
863,365.0,0.0
864,69.0,0.0
865,143.0,0.0
866,147.0,0.0
867,116.0,0.0
868,1084.0,1282.0
869,9.0,0.0
870,194.0,0.0
871,646.0,2.0
872,89.0,0.0
873,13.0,0.0
874,13.0,0.0
875,5.0,0.0
876,8.0,0.0
877,59.0,0.0
878,60.0,0.0
879,6.0,0.0
880,24.0,0.0
881,19.0,0.0
882,210.0,0.0
883,413.0,14.0
884,83.0,0.0
885,218.0,0.0
886,69.0,0.0
887,94.0,0.0
888,159.0,0.0
889,478.0,57.0
890,29.0,0.0
891,468.0,0.0
892,47.0,0.0
893,264.0,0.0
894,257.0,0.0
895,77.0,0.0
896,389.0,0.0
897,182.0,0.0
898,53.0,0.0
899,58.0,0.0
900,64.0,0.0
901,1221.0,4562.0
902,89.0,0.0
903,2017.0,2480.0
904,1548.0,7748.0
905,1810.0,5679.0
906,570.0,10.0
907,1157.0,411.0
908,523.0,0.0
909,35.0,0.0
910,426.0,0.0
911,585.0,62.0
912,95.0,0.0
913,750.0,26.0
914,652.0,195.0
915,768.0,3671.0
916,104.0,0.0
917,1722.0,7114.0
918,150.0,0.0
919,335.0,0.0
920,1099.0,1777.0
921,1313.0,2863.0
922,504.0,0.0
923,45.0,0.0
924,241.0,0.0
925,158.0,0.0
926,848.0,371.0
927,749.0,136.0
928,1186.0,4989.0
929,807.0,97.0
930,347.0,0.0
931,294.0,0.0
932,903.0,128.0
933,141.0,0.0
934,129.0,0.0
935,444.0,542.0
936,854.0,2099.0
937,475.0,0.0
938,23.0,0.0
939,698.0,980.0
940,727.0,2401.0
941,447.0,0.0
942,61.0,0.0
943,195.0,0.0
944,205.0,0.0
945,1353.0,7003.0
946,33.0,0.0
947,755.0,122.0
948,176.0,0.0
949,448.0,0.0
950,208.0,0.0
951,521.0,0.0
952,855.0,4054.0
953,323.0,0.0
954,449.0,0.0
955,683.0,36.0
956,144.0,0.0
957,810.0,2399.0
958,345.0,9.0
959,303.0,0.0
960,23.0,0.0
961,373.0,0.0
962,275.0,0.0
963,682.0,0.0
964,1168.0,5256.0
965,212.0,0.0
966,310.0,0.0
967,498.0,0.0
968,438.0,0.0
969,164.0,0.0
970,1346.0,3501.0
971,644.0,0.0
972,521.0,0.0
973,121.0,0.0
974,454.0,0.0
975,1517.0,7423.0
976,319.0,0.0
977,443.0,0.0
978,80.0,0.0
979,269.0,0.0
980,418.0,0.0
981,619.0,39.0
982,210.0,0.0
983,798.0,942.0
984,98.0,0.0
985,184.0,0.0
986,118.0,0.0
987,536.0,10.0
988,262.0,0.0
989,375.0,0.0
990,432.0,0.0
991,129.0,0.0
992,451.0,0.0
993,726.0,856.0
994,105.0,0.0
995,114.0,0.0
996,1035.0,3354.0
997,359.0,0.0
998,438.0,0.0
999,719.0,1663.0
1000,123.0,0.0
1001,322.0,0.0
1002,232.0,0.0
1003,193.0,0.0
1004,505.0,62.0
1005,215.0,0.0
1006,215.0,0.0
1007,449.0,0.0
1008,198.0,0.0
1009,947.0,2769.0
1010,53.0,0.0
1011,61.0,0.0
1012,998.0,834.0
1013,15.0,0.0
1014,12.0,0.0
1015,11.0,0.0
1016,242.0,0.0
1017,294.0,0.0
1018,6.0,0.0
1019,85.0,0.0
1020,9.0,0.0
1021,36.0,0.0
1022,13.0,0.0
1023,23.0,0.0
1024,408.0,0.0
1025,109.0,0.0
1026,6.0,0.0
1027,26.0,0.0
1028,251.0,0.0
1029,124.0,0.0
1030,13.0,0.0
1031,59.0,0.0
1032,352.0,0.0
1033,220.0,0.0
1034,261.0,0.0
1035,46.0,0.0
1036,214.0,0.0
1037,143.0,0.0
1038,3.0,0.0
1039,205.0,0.0
1040,10.0,0.0
1041,15.0,0.0
1042,58.0,0.0
1043,150.0,0.0
1044,23.0,0.0
1045,673.0,1031.0
1046,291.0,0.0
1047,796.0,109.0
1048,28.0,0.0
1049,112.0,0.0
1050,64.0,0.0
1051,19.0,0.0
1052,33.0,0.0
1053,33.0,0.0
1054,105.0,0.0
1055,494.0,0.0
1056,245.0,0.0
1057,408.0,0.0
1058,123.0,0.0
1059,804.0,2340.0
1060,314.0,0.0
1061,575.0,43.0
1062,250.0,0.0
1063,225.0,0.0
1064,89.0,0.0
1065,356.0,0.0
1066,21.0,0.0
1067,22.0,0.0
1068,174.0,0.0
1069,1041.0,2213.0
1070,44.0,0.0
1071,10.0,0.0
1072,38.0,0.0
1073,309.0,0.0
1074,122.0,0.0
1075,708.0,39.0
1076,838.0,1007.0
1077,103.0,0.0
1078,552.0,0.0
1079,33.0,0.0
1080,22.0,0.0
1081,24.0,0.0
1082,58.0,0.0
1083,27.0,0.0
1084,150.0,0.0
1085,10.0,0.0
1086,398.0,0.0
1087,535.0,0.0
1088,101.0,0.0
1089,18.0,0.0
1090,227.0,0.0
1091,11.0,0.0
1092,16.0,0.0
1093,82.0,0.0
1094,20.0,0.0
1095,100.0,0.0
1096,9.0,0.0
1097,87.0,0.0
1098,7.0,0.0
1099,67.0,0.0
1100,7.0,0.0
1101,50.0,0.0
1102,6.0,0.0
1103,16.0,0.0
1104,111.0,0.0
1105,28.0,0.0
1106,20.0,0.0
1107,5.0,0.0
1108,68.0,0.0
1109,6.0,0.0
1110,7.0,0.0
1111,181.0,0.0
1112,19.0,0.0
1113,15.0,0.0
1114,114.0,0.0
1115,16.0,0.0
1116,296.0,0.0
1117,10.0,0.0
1118,22.0,0.0
1119,25.0,0.0
1120,12.0,0.0
1121,71.0,0.0
1122,6.0,0.0
1123,150.0,0.0
1124,23.0,0.0
1125,35.0,0.0
1126,10.0,0.0
1127,65.0,0.0
1128,50.0,0.0
1129,387.0,0.0
1130,32.0,0.0
1131,16.0,0.0
1132,10.0,0.0
1133,21.0,0.0
1134,20.0,0.0
1135,223.0,0.0
1136,8.0,0.0
1137,185.0,0.0
1138,95.0,0.0
1139,24.0,0.0
1140,35.0,0.0
1141,67.0,0.0
1142,286.0,0.0
1143,48.0,0.0
1144,53.0,0.0
1145,6.0,0.0
1146,9.0,0.0
1147,9.0,0.0
1148,7.0,0.0
1149,43.0,0.0
1150,36.0,0.0
1151,651.0,0.0
1152,6.0,0.0
1153,15.0,0.0
1154,7.0,0.0
1155,19.0,0.0
1156,14.0,0.0
1157,11.0,0.0
1158,11.0,0.0
1159,202.0,0.0
1160,26.0,0.0
1161,27.0,0.0
1162,626.0,17.0
1163,141.0,0.0
1164,11.0,0.0
1165,6.0,0.0
1166,11.0,0.0
1167,684.0,447.0
1168,12.0,0.0
1169,18.0,0.0
1170,50.0,0.0
1171,229.0,0.0
1172,62.0,0.0
1173,120.0,0.0
1174,341.0,0.0
1175,43.0,0.0
1176,25.0,0.0
1177,9.0,0.0
1178,11.0,0.0
1179,10.0,0.0
1180,340.0,0.0
1181,57.0,0.0
1182,13.0,0.0
1183,71.0,0.0
1184,17.0,0.0
1185,23.0,0.0
1186,6.0,0.0
1187,177.0,0.0
1188,335.0,0.0
1189,9.0,0.0
1190,27.0,0.0
1191,12.0,0.0
1192,600.0,695.0
1193,7.0,0.0
1194,1355.0,5167.0
1195,13.0,0.0
1196,19.0,0.0
1197,5.0,0.0
1198,712.0,499.0
1199,10.0,0.0
1200,165.0,0.0
1201,220.0,0.0
1202,93.0,0.0
1203,182.0,0.0
1204,81.0,0.0
1205,75.0,0.0
1206,15.0,0.0
1207,23.0,0.0
1208,165.0,0.0
1209,18.0,0.0
1210,319.0,0.0
1211,12.0,0.0
1212,6.0,0.0
1213,20.0,0.0
1214,13.0,0.0
1215,72.0,0.0
1216,13.0,0.0
1217,12.0,0.0
1218,19.0,0.0
1219,492.0,10.0
1220,7.0,0.0
1221,1021.0,2014.0
1222,93.0,0.0
1223,22.0,0.0
1224,9.0,0.0
1225,166.0,0.0
1226,106.0,0.0
1227,113.0,0.0
1228,1515.0,5470.0
1229,137.0,0.0
1230,138.0,0.0
1231,28.0,0.0
1232,13.0,0.0
1233,13.0,0.0
1234,534.0,0.0
1235,17.0,0.0
1236,87.0,0.0
1237,23.0,0.0
1238,26.0,0.0
1239,129.0,0.0
1240,260.0,0.0
1241,511.0,0.0
1242,14.0,0.0
1243,677.0,964.0
1244,18.0,0.0
1245,154.0,0.0
1246,89.0,0.0
1247,337.0,0.0
1248,19.0,0.0
1249,15.0,0.0
1250,94.0,0.0
1251,96.0,0.0
1252,20.0,0.0
1253,6.0,0.0
1254,540.0,53.0
1255,37.0,0.0
1256,12.0,0.0
1257,5.0,0.0
1258,7.0,0.0
1259,37.0,0.0
1260,74.0,0.0
1261,20.0,0.0
1262,5.0,0.0
1263,412.0,0.0
1264,44.0,0.0
1265,4.0,0.0
1266,21.0,0.0
1267,5.0,0.0
1268,15.0,0.0
1269,35.0,0.0
1270,9.0,0.0
1271,151.0,0.0
1272,600.0,385.0
1273,635.0,0.0
1274,383.0,0.0
1275,10.0,0.0
1276,255.0,0.0
1277,259.0,0.0
1278,10.0,0.0
1279,554.0,0.0
1280,114.0,0.0
1281,28.0,0.0
1282,32.0,0.0
1283,84.0,0.0
1284,130.0,0.0
1285,73.0,0.0
1286,208.0,0.0
1287,177.0,0.0
1288,254.0,0.0
1289,16.0,0.0
1290,15.0,0.0
1291,73.0,0.0
1292,112.0,0.0
1293,43.0,0.0
1294,17.0,0.0
1295,1025.0,2942.0
1296,15.0,0.0
1297,214.0,0.0
1298,72.0,0.0
1299,5.0,0.0
1300,127.0,0.0
1301,227.0,0.0
1302,707.0,454.0
1303,330.0,80.0
1304,12.0,0.0
1305,35.0,0.0
1306,65.0,0.0
1307,8.0,0.0
1308,374.0,0.0
1309,92.0,0.0
1310,5.0,0.0
1311,567.0,0.0
1312,21.0,0.0
1313,118.0,0.0
1314,83.0,0.0
1315,3.0,0.0
1316,15.0,0.0
1317,13.0,0.0
1318,392.0,0.0
1319,457.0,0.0
1320,9.0,0.0
1321,30.0,0.0
1322,73.0,0.0
1323,147.0,0.0
1324,16.0,0.0
1325,8.0,0.0
1326,46.0,0.0
1327,29.0,0.0
1328,7.0,0.0
1329,49.0,0.0
1330,8.0,0.0
1331,95.0,0.0
1332,7.0,0.0
1333,8.0,0.0
1334,34.0,0.0
1335,404.0,0.0
1336,90.0,0.0
1337,62.0,0.0
1338,839.0,0.0
1339,72.0,0.0
1340,49.0,0.0
1341,12.0,0.0
1342,137.0,0.0
1343,70.0,0.0
1344,100.0,0.0
1345,7.0,0.0
1346,88.0,0.0
1347,115.0,0.0
1348,33.0,0.0
1349,269.0,0.0
1350,40.0,0.0
1351,5.0,0.0
1352,20.0,0.0
1353,155.0,0.0
1354,8.0,0.0
1355,16.0,0.0
1356,6.0,0.0
1357,29.0,0.0
1358,66.0,0.0
1359,36.0,0.0
1360,5.0,0.0
1361,60.0,0.0
1362,10.0,0.0
1363,115.0,0.0
1364,73.0,0.0
1365,290.0,0.0
1366,132.0,0.0
1367,56.0,0.0
1368,12.0,0.0
1369,5.0,0.0
1370,63.0,0.0
1371,21.0,0.0
1372,18.0,0.0
1373,150.0,0.0
1374,5.0,0.0
1375,54.0,0.0
1376,7.0,0.0
1377,20.0,0.0
1378,25.0,0.0
1379,7.0,0.0
1380,68.0,0.0
1381,14.0,0.0
1382,25.0,0.0
1383,17.0,0.0
1384,15.0,0.0
1385,26.0,0.0
1386,60.0,0.0
1387,6.0,0.0
1388,5.0,0.0
1389,35.0,0.0
1390,125.0,0.0
1391,9.0,0.0
1392,66.0,0.0
1393,286.0,0.0
1394,13.0,0.0
1395,11.0,0.0
1396,12.0,0.0
1397,69.0,0.0
1398,281.0,0.0
1399,139.0,0.0
1400,315.0,0.0
1401,11.0,0.0
1402,102.0,0.0
1403,28.0,0.0
1404,136.0,0.0
1405,12.0,0.0
1406,104.0,0.0
1407,104.0,0.0
1408,10.0,0.0
1409,57.0,0.0
1410,6.0,0.0
1411,37.0,0.0
1412,9.0,0.0
1413,47.0,0.0
1414,7.0,0.0
1415,252.0,0.0
1416,409.0,0.0
1417,19.0,0.0
1418,134.0,0.0
1419,476.0,0.0
1420,90.0,0.0
1421,211.0,0.0
1422,170.0,0.0
1423,401.0,15.0
1424,217.0,0.0
1425,39.0,0.0
1426,74.0,0.0
1427,335.0,0.0
1428,19.0,0.0
1429,797.0,0.0
1430,67.0,0.0
1431,29.0,0.0
1432,11.0,0.0
1433,178.0,0.0
1434,14.0,0.0
1435,40.0,0.0
1436,152.0,0.0
1437,17.0,0.0
1438,8.0,0.0
1439,55.0,0.0
1440,63.0,0.0
1441,51.0,0.0
1442,34.0,0.0
1443,77.0,0.0
1444,143.0,0.0
1445,54.0,0.0
1446,60.0,0.0
1447,79.0,0.0
1448,23.0,0.0
1449,232.0,0.0
1450,341.0,0.0
1451,125.0,0.0
1452,444.0,0.0
1453,105.0,0.0
1454,150.0,0.0
1455,228.0,0.0
1456,109.0,0.0
1457,408.0,0.0
1458,535.0,72.0
1459,650.0,198.0
1460,229.0,0.0
1461,297.0,0.0
1462,336.0,0.0
1463,229.0,0.0
1464,314.0,0.0
1465,375.0,9.0
1466,811.0,219.0
1467,365.0,0.0
1468,163.0,0.0
1469,165.0,0.0
1470,365.0,0.0
1471,87.0,0.0
1472,257.0,0.0
1473,845.0,122.0
1474,34.0,0.0
1475,58.0,0.0
1476,22.0,0.0
1477,15.0,0.0
1478,23.0,0.0
1479,86.0,0.0
1480,20.0,0.0
1481,17.0,0.0
1482,24.0,0.0
1483,12.0,0.0
1484,15.0,0.0
1485,13.0,0.0
1486,9.0,0.0
1487,254.0,0.0
1488,40.0,0.0
1489,14.0,0.0
1490,23.0,0.0
1491,16.0,0.0
1492,8.0,0.0
1493,48.0,0.0
1494,17.0,0.0
1495,6.0,0.0
1496,386.0,0.0
1497,20.0,0.0
1498,9.0,0.0
1499,522.0,0.0
1500,7.0,0.0
1501,28.0,0.0
1502,948.0,4366.0
1503,452.0,0.0
1504,275.0,0.0
1505,256.0,0.0
1506,62.0,0.0
1507,307.0,0.0
1508,439.0,0.0
1509,6.0,0.0
1510,182.0,0.0
1511,233.0,0.0
1512,440.0,0.0
1513,366.0,0.0
1514,259.0,0.0
1515,54.0,0.0
1516,150.0,0.0
1517,19.0,0.0
1518,36.0,0.0
1519,278.0,0.0
1520,472.0,0.0
1521,457.0,135.0
1522,327.0,0.0
1523,112.0,0.0
1524,297.0,0.0
1525,55.0,0.0
1526,79.0,0.0
1527,26.0,0.0
1528,16.0,0.0
1529,1817.0,5968.0
1530,42.0,0.0
1531,9.0,0.0
1532,10.0,0.0
1533,64.0,0.0
1534,55.0,0.0
1535,15.0,0.0
1536,8.0,0.0
1537,25.0,0.0
1538,41.0,0.0
1539,33.0,0.0
1540,28.0,0.0
1541,30.0,0.0
1542,51.0,0.0
1543,5.0,0.0
1544,25.0,0.0
1545,225.0,0.0
1546,6.0,0.0
1547,53.0,0.0
1548,17.0,0.0
1549,21.0,0.0
1550,14.0,0.0
1551,44.0,0.0
1552,36.0,0.0
1553,217.0,0.0
1554,6.0,0.0
1555,9.0,0.0
1556,35.0,0.0
1557,359.0,0.0
1558,98.0,0.0
1559,45.0,0.0
1560,25.0,0.0
1561,514.0,32.0
1562,214.0,0.0
1563,66.0,0.0
1564,331.0,25.0
1565,74.0,0.0
1566,68.0,0.0
1567,155.0,0.0
1568,102.0,0.0
1569,69.0,0.0
1570,31.0,0.0
1571,8.0,0.0
1572,37.0,0.0
1573,345.0,0.0
1574,63.0,0.0
1575,344.0,0.0
1576,5.0,0.0
1577,475.0,0.0
1578,537.0,0.0
1579,85.0,0.0
1580,119.0,0.0
1581,33.0,0.0
1582,266.0,0.0
1583,14.0,0.0
1584,297.0,0.0
1585,80.0,0.0
1586,79.0,0.0
1587,103.0,0.0
1588,53.0,0.0
1589,15.0,0.0
1590,70.0,0.0
1591,215.0,0.0
1592,27.0,0.0
1593,255.0,0.0
1594,82.0,0.0
1595,24.0,0.0
1596,114.0,0.0
1597,449.0,0.0
1598,9.0,0.0
1599,75.0,0.0
1600,7.0,0.0
1601,14.0,0.0
1602,356.0,0.0
1603,70.0,0.0
1604,46.0,0.0
1605,415.0,0.0
1606,297.0,0.0
1607,116.0,0.0
1608,103.0,0.0
1609,155.0,0.0
1610,10.0,0.0
1611,131.0,0.0
1612,553.0,25.0
1613,172.0,0.0
1614,145.0,0.0
1615,191.0,0.0
1616,18.0,0.0
1617,54.0,0.0
1618,46.0,0.0
1619,39.0,0.0
1620,48.0,0.0
1621,203.0,0.0
1622,213.0,0.0
1623,90.0,0.0
1624,12.0,0.0
1625,5.0,0.0
1626,174.0,0.0
1627,15.0,0.0
1628,186.0,0.0
1629,188.0,0.0
1630,190.0,0.0
1631,79.0,0.0
1632,70.0,0.0
1633,265.0,0.0
1634,164.0,0.0
1635,201.0,0.0
1636,322.0,0.0
1637,154.0,0.0
1638,38.0,0.0
1639,117.0,0.0
1640,343.0,0.0
1641,258.0,0.0
1642,98.0,0.0
1643,32.0,0.0
1644,38.0,0.0
1645,10.0,0.0
1646,349.0,0.0
1647,40.0,0.0
1648,9.0,0.0
1649,20.0,0.0
1650,28.0,0.0
1651,106.0,0.0
1652,6.0,0.0
1653,8.0,0.0
1654,6.0,0.0
1655,97.0,0.0
1656,386.0,0.0
1657,336.0,0.0
1658,28.0,0.0
1659,41.0,0.0
1660,40.0,0.0
1661,66.0,0.0
1662,356.0,0.0
1663,20.0,0.0
1664,26.0,0.0
1665,22.0,0.0
1666,103.0,0.0
1667,48.0,0.0
1668,677.0,27.0
1669,10.0,0.0
1670,100.0,0.0
1671,28.0,0.0
1672,53.0,0.0
1673,13.0,0.0
1674,22.0,0.0
1675,52.0,0.0
1676,50.0,0.0
1677,107.0,0.0
1678,69.0,0.0
1679,6.0,0.0
1680,331.0,0.0
1681,13.0,0.0
1682,47.0,0.0
1683,8.0,0.0
1684,8.0,0.0
1685,339.0,0.0
1686,696.0,164.0
1687,40.0,0.0
1688,8.0,0.0
1689,5.0,0.0
1690,117.0,0.0
1691,162.0,0.0
1692,46.0,0.0
1693,15.0,0.0
1694,102.0,0.0
1695,126.0,0.0
1696,28.0,0.0
1697,8.0,0.0
1698,70.0,0.0
1699,6.0,0.0
1700,4.0,0.0
1701,8.0,0.0
1702,159.0,0.0
1703,93.0,0.0
1704,107.0,0.0
1705,17.0,0.0
1706,49.0,0.0
1707,56.0,0.0
1708,108.0,0.0
1709,19.0,0.0
1710,382.0,0.0
1711,212.0,0.0
1712,108.0,0.0
1713,562.0,0.0
1714,76.0,0.0
1715,22.0,0.0
1716,44.0,0.0
1717,86.0,0.0
1718,9.0,0.0
1719,5.0,0.0
1720,33.0,0.0
1721,12.0,0.0
1722,61.0,0.0
1723,101.0,0.0
1724,61.0,0.0
1725,9.0,0.0
1726,6.0,0.0
1727,43.0,0.0
1728,18.0,0.0
1729,626.0,0.0
1730,41.0,0.0
1731,26.0,0.0
1732,45.0,0.0
1733,282.0,0.0
1734,30.0,0.0
1735,34.0,0.0
1736,345.0,0.0
1737,44.0,0.0
1738,47.0,0.0
1739,5.0,0.0
1740,134.0,0.0
1741,13.0,0.0
1742,23.0,0.0
1743,31.0,0.0
1744,3.0,0.0
1745,109.0,0.0
1746,375.0,0.0
1747,581.0,61.0
1748,39.0,0.0
1749,676.0,9.0
1750,5.0,0.0
1751,280.0,0.0
1752,39.0,0.0
1753,23.0,0.0
1754,112.0,0.0
1755,421.0,9.0
1756,169.0,0.0
1757,606.0,840.0
1758,176.0,0.0
1759,12.0,0.0
1760,17.0,0.0
1761,8.0,0.0
1762,79.0,0.0
1763,184.0,0.0
1764,175.0,0.0
1765,285.0,0.0
1766,39.0,0.0
1767,25.0,0.0
1768,57.0,0.0
1769,188.0,0.0
1770,61.0,0.0
1771,577.0,9.0
1772,70.0,0.0
1773,17.0,0.0
1774,816.0,1700.0
1775,42.0,0.0
1776,20.0,0.0
1777,40.0,0.0
1778,417.0,0.0
1779,53.0,0.0
1780,61.0,0.0
1781,326.0,0.0
1782,106.0,0.0
1783,123.0,0.0
1784,583.0,100.0
1785,47.0,0.0
1786,35.0,0.0
1787,6.0,0.0
1788,132.0,0.0
1789,16.0,0.0
1790,3.0,0.0
1791,81.0,0.0
1792,15.0,0.0
1793,101.0,0.0
1794,50.0,0.0
1795,138.0,0.0
1796,85.0,0.0
1797,67.0,0.0
1798,461.0,0.0
1799,495.0,0.0
1800,37.0,0.0
1801,943.0,1122.0
1802,23.0,0.0
1803,142.0,0.0
1804,408.0,0.0
1805,76.0,0.0
1806,67.0,0.0
1807,16.0,0.0
1808,117.0,0.0
1809,28.0,0.0
1810,36.0,0.0
1811,349.0,0.0
1812,50.0,0.0
1813,195.0,0.0
1814,58.0,0.0
1815,270.0,0.0
1816,67.0,0.0
1817,26.0,0.0
1818,54.0,0.0
1819,87.0,0.0
1820,112.0,0.0
1821,41.0,0.0
1822,118.0,0.0
1823,21.0,0.0
1824,13.0,0.0
1825,8.0,0.0
1826,8.0,0.0
1827,5.0,0.0
1828,209.0,0.0
1829,20.0,0.0
1830,6.0,0.0
1831,56.0,0.0
1832,6.0,0.0
1833,59.0,0.0
1834,164.0,0.0
1835,394.0,0.0
1836,22.0,0.0
1837,309.0,0.0
1838,265.0,0.0
1839,645.0,235.0
1840,1474.0,3453.0
1841,6.0,0.0
1842,219.0,0.0
1843,43.0,0.0
1844,7.0,0.0
1845,183.0,0.0
1846,87.0,0.0
1847,177.0,0.0
1848,39.0,0.0
1849,191.0,0.0
1850,661.0,109.0
1851,448.0,0.0
1852,23.0,0.0
1853,137.0,0.0
1854,85.0,0.0
1855,71.0,0.0
1856,27.0,0.0
1857,152.0,0.0
1858,133.0,0.0
1859,109.0,0.0
1860,17.0,0.0
1861,32.0,0.0
1862,22.0,0.0
1863,202.0,0.0
1864,71.0,0.0
1865,17.0,0.0
1866,235.0,0.0
1867,293.0,0.0
1868,22.0,0.0
1869,10.0,0.0
1870,325.0,0.0
1871,94.0,0.0
1872,34.0,0.0
1873,42.0,0.0
1874,163.0,0.0
1875,43.0,0.0
1876,236.0,0.0
1877,26.0,0.0
1878,28.0,0.0
1879,52.0,0.0
1880,44.0,0.0
1881,97.0,0.0
1882,20.0,0.0
1883,9.0,0.0
1884,88.0,0.0
1885,63.0,0.0
1886,13.0,0.0
1887,11.0,0.0
1888,71.0,0.0
1889,19.0,0.0
1890,42.0,0.0
1891,22.0,0.0
1892,54.0,0.0
1893,195.0,0.0
1894,450.0,0.0
1895,25.0,0.0
1896,95.0,0.0
1897,12.0,0.0
1898,101.0,0.0
1899,15.0,0.0
1900,5.0,0.0
1901,2.0,0.0
1902,190.0,0.0
1903,6.0,0.0
1904,186.0,0.0
1905,82.0,0.0
1906,160.0,0.0
1907,368.0,0.0
1908,68.0,0.0
1909,14.0,0.0
1910,16.0,0.0
1911,137.0,0.0
1912,44.0,0.0
1913,102.0,0.0
1914,181.0,0.0
1915,18.0,0.0
1916,11.0,0.0
1917,7.0,0.0
1918,114.0,0.0
1919,58.0,0.0
1920,323.0,0.0
1921,27.0,0.0
1922,36.0,0.0
1923,18.0,0.0
1924,16.0,0.0
1925,45.0,0.0
1926,138.0,0.0
1927,43.0,0.0
1928,11.0,0.0
1929,26.0,0.0
1930,22.0,0.0
1931,379.0,0.0
1932,471.0,0.0
1933,7.0,0.0
1934,45.0,0.0
1935,74.0,0.0
1936,71.0,0.0
1937,16.0,0.0
1938,44.0,0.0
1939,12.0,0.0
1940,92.0,0.0
1941,12.0,0.0
1942,77.0,0.0
1943,128.0,0.0
1944,37.0,0.0
1945,60.0,0.0
1946,12.0,0.0
1947,8.0,0.0
1948,71.0,0.0
1949,16.0,0.0
1950,14.0,0.0
1951,251.0,0.0
1952,254.0,0.0
1953,593.0,0.0
1954,93.0,0.0
1955,66.0,0.0
1956,74.0,0.0
1957,125.0,0.0
1958,16.0,0.0
1959,239.0,0.0
1960,38.0,0.0
1961,188.0,0.0
1962,350.0,0.0
1963,38.0,0.0
1964,8.0,0.0
1965,22.0,0.0
1966,79.0,0.0
1967,72.0,0.0
1968,2.0,0.0
1969,81.0,0.0
1970,46.0,0.0
1971,9.0,0.0
1972,35.0,0.0
1973,6.0,0.0
1974,56.0,0.0
1975,38.0,0.0
1976,5.0,0.0
1977,230.0,0.0
1978,95.0,0.0
1979,16.0,0.0
1980,49.0,0.0
1981,1746.0,8072.0
1982,282.0,0.0
1983,18.0,0.0
1984,34.0,0.0
1985,86.0,0.0
1986,7.0,0.0
1987,16.0,0.0
1988,425.0,0.0
1989,193.0,0.0
1990,22.0,0.0
1991,110.0,0.0
1992,30.0,0.0
1993,11.0,0.0
1994,27.0,0.0
1995,11.0,0.0
1996,12.0,0.0
1997,19.0,0.0
1998,37.0,0.0
1999,67.0,0.0
2000,12.0,0.0
2001,134.0,0.0
2002,907.0,2506.0
2003,155.0,0.0
2004,239.0,0.0
2005,51.0,0.0
2006,41.0,0.0
2007,47.0,0.0
2008,23.0,0.0
2009,87.0,0.0
2010,81.0,0.0
2011,79.0,0.0
2012,44.0,0.0
2013,95.0,0.0
2014,413.0,0.0
2015,27.0,0.0
2016,18.0,0.0
2017,33.0,0.0
2018,155.0,0.0
2019,65.0,0.0
2020,20.0,0.0
2021,20.0,0.0
2022,7.0,0.0
2023,913.0,952.0
2024,24.0,0.0
2025,21.0,0.0
2026,4.0,0.0
2027,68.0,0.0
2028,31.0,0.0
2029,12.0,0.0
2030,9.0,0.0
2031,57.0,0.0
2032,522.0,0.0
2033,264.0,0.0
2034,51.0,0.0
2035,19.0,0.0
2036,126.0,0.0
2037,38.0,0.0
2038,9.0,0.0
2039,20.0,0.0
2040,240.0,0.0
2041,24.0,0.0
2042,6.0,0.0
2043,29.0,0.0
2044,14.0,0.0
2045,9.0,0.0
2046,75.0,0.0
2047,15.0,0.0
2048,463.0,0.0
2049,17.0,0.0
2050,72.0,0.0
2051,33.0,0.0
2052,314.0,0.0
2053,15.0,0.0
2054,358.0,0.0
2055,29.0,0.0
2056,12.0,0.0
2057,13.0,0.0
2058,31.0,0.0
2059,47.0,0.0
2060,136.0,0.0
2061,390.0,0.0
2062,132.0,0.0
2063,7.0,0.0
2064,5.0,0.0
2065,86.0,0.0
2066,144.0,0.0
2067,6.0,0.0
2068,20.0,0.0
2069,63.0,0.0
2070,593.0,210.0
2071,342.0,0.0
2072,215.0,0.0
2073,201.0,0.0
2074,17.0,0.0
2075,204.0,0.0
2076,726.0,104.0
2077,128.0,0.0
2078,256.0,0.0
2079,45.0,0.0
2080,26.0,0.0
2081,344.0,0.0
2082,689.0,398.0
2083,84.0,0.0
2084,114.0,0.0
2085,14.0,0.0
2086,722.0,1051.0
2087,290.0,0.0
2088,29.0,0.0
2089,80.0,0.0
2090,405.0,0.0
2091,15.0,0.0
2092,355.0,359.0
2093,64.0,0.0
2094,32.0,0.0
2095,1250.0,717.0
2096,120.0,0.0
2097,126.0,0.0
2098,54.0,0.0
2099,32.0,0.0
2100,43.0,0.0
2101,143.0,0.0
2102,238.0,0.0
2103,200.0,0.0
2104,53.0,0.0
2105,88.0,0.0
2106,13.0,0.0
2107,252.0,0.0
2108,109.0,0.0
2109,73.0,0.0
2110,122.0,0.0
2111,92.0,0.0
2112,8.0,0.0
2113,162.0,0.0
2114,106.0,0.0
2115,80.0,0.0
2116,4.0,0.0
2117,30.0,0.0
2118,249.0,0.0
2119,20.0,0.0
2120,5.0,0.0
2121,16.0,0.0
2122,124.0,0.0
2123,370.0,0.0
2124,118.0,0.0
2125,9.0,0.0
2126,24.0,0.0
2127,139.0,0.0
2128,13.0,0.0
2129,39.0,0.0
2130,24.0,0.0
2131,9.0,0.0
2132,76.0,0.0
2133,6.0,0.0
2134,171.0,0.0
2135,425.0,0.0
2136,1758.0,8460.0
2137,540.0,0.0
2138,119.0,0.0
2139,16.0,0.0
2140,11.0,0.0
2141,6.0,0.0
2142,24.0,0.0
2143,326.0,0.0
2144,38.0,0.0
2145,71.0,0.0
2146,35.0,0.0
2147,4.0,0.0
2148,6.0,0.0
2149,155.0,0.0
2150,23.0,0.0
2151,21.0,0.0
2152,50.0,0.0
2153,23.0,0.0
2154,9.0,0.0
2155,8.0,0.0
2156,27.0,0.0
2157,292.0,0.0
2158,41.0,0.0
2159,9.0,0.0
2160,1061.0,47.0
2161,145.0,0.0
2162,57.0,0.0
2163,96.0,0.0
2164,302.0,0.0
2165,61.0,0.0
2166,849.0,68.0
2167,9.0,0.0
2168,4.0,0.0
2169,8.0,0.0
2170,40.0,0.0
2171,75.0,0.0
2172,120.0,0.0
2173,882.0,9.0
2174,97.0,0.0
2175,32.0,0.0
2176,47.0,0.0
2177,6.0,0.0
2178,23.0,0.0
2179,15.0,0.0
2180,14.0,0.0
2181,42.0,0.0
2182,8.0,0.0
2183,7.0,0.0
2184,199.0,0.0
2185,25.0,0.0
2186,67.0,0.0
2187,8.0,0.0
2188,279.0,0.0
2189,48.0,0.0
2190,8.0,0.0
2191,41.0,0.0
2192,8.0,0.0
2193,8.0,0.0
2194,6.0,0.0
2195,48.0,0.0
2196,10.0,0.0
2197,7.0,0.0
2198,106.0,0.0
2199,241.0,0.0
2200,16.0,0.0
2201,13.0,0.0
2202,28.0,0.0
2203,60.0,0.0
2204,20.0,0.0
2205,27.0,0.0
2206,7.0,0.0
2207,13.0,0.0
2208,86.0,0.0
2209,5.0,0.0
2210,19.0,0.0
2211,200.0,0.0
2212,2359.0,4773.0
2213,168.0,0.0
2214,41.0,0.0
2215,124.0,0.0
2216,21.0,0.0
2217,280.0,0.0
2218,7.0,0.0
2219,4.0,0.0
2220,104.0,0.0
2221,125.0,0.0
2222,5.0,0.0
2223,86.0,0.0
2224,425.0,0.0
2225,390.0,0.0
2226,28.0,0.0
2227,105.0,0.0
2228,9.0,0.0
2229,59.0,0.0
2230,62.0,0.0
2231,26.0,0.0
2232,275.0,0.0
2233,34.0,0.0
2234,123.0,0.0
2235,25.0,0.0
2236,7.0,0.0
2237,22.0,0.0
2238,134.0,0.0
2239,556.0,0.0
2240,82.0,0.0
2241,17.0,0.0
2242,5.0,0.0
2243,10.0,0.0
2244,8.0,0.0
2245,18.0,0.0
2246,46.0,0.0
2247,30.0,0.0
2248,108.0,0.0
2249,14.0,0.0
2250,6.0,0.0
2251,11.0,0.0
2252,47.0,0.0
2253,28.0,0.0
2254,37.0,0.0
2255,518.0,0.0
2256,232.0,0.0
2257,6.0,0.0
2258,387.0,0.0
2259,1027.0,840.0
2260,327.0,0.0
2261,940.0,1002.0
2262,230.0,0.0
2263,70.0,0.0
2264,177.0,0.0
2265,118.0,0.0
2266,5.0,0.0
2267,78.0,0.0
2268,34.0,0.0
2269,167.0,0.0
2270,64.0,0.0
2271,25.0,0.0
2272,100.0,0.0
2273,6.0,0.0
2274,66.0,0.0
2275,97.0,0.0
2276,102.0,0.0
2277,71.0,0.0
2278,14.0,0.0
2279,22.0,0.0
2280,57.0,0.0
2281,118.0,0.0
2282,103.0,0.0
2283,88.0,0.0
2284,443.0,0.0
2285,4.0,0.0
2286,138.0,0.0
2287,557.0,0.0
2288,435.0,0.0
2289,370.0,0.0
2290,38.0,0.0
2291,311.0,0.0
2292,107.0,0.0
2293,46.0,0.0
2294,35.0,0.0
2295,908.0,3101.0
2296,62.0,0.0
2297,8.0,0.0
2298,5.0,0.0
2299,7.0,0.0
2300,264.0,0.0
2301,64.0,0.0
2302,496.0,69.0
2303,51.0,0.0
2304,61.0,0.0
2305,179.0,0.0
2306,41.0,0.0
2307,274.0,0.0
2308,34.0,0.0
2309,178.0,0.0
2310,12.0,0.0
2311,22.0,0.0
2312,6.0,0.0
2313,46.0,0.0
2314,516.0,934.0
2315,39.0,0.0
2316,889.0,1444.0
2317,49.0,0.0
2318,160.0,0.0
2319,118.0,0.0
2320,175.0,0.0
2321,7.0,0.0
2322,201.0,0.0
2323,36.0,0.0
2324,61.0,0.0
2325,1404.0,3872.0
2326,7.0,0.0
2327,221.0,0.0
2328,21.0,0.0
2329,37.0,0.0
2330,241.0,0.0
2331,551.0,13.0
2332,173.0,0.0
2333,29.0,0.0
2334,17.0,0.0
2335,73.0,0.0
2336,14.0,0.0
2337,8.0,0.0
2338,50.0,0.0
2339,117.0,0.0
2340,11.0,0.0
2341,106.0,0.0
2342,257.0,0.0
2343,212.0,0.0
2344,11.0,0.0
2345,141.0,0.0
2346,14.0,0.0
2347,5.0,0.0
2348,58.0,0.0
2349,59.0,0.0
2350,151.0,0.0
2351,9.0,0.0
2352,107.0,0.0
2353,347.0,0.0
2354,171.0,0.0
2355,285.0,0.0
2356,57.0,0.0
2357,358.0,0.0
2358,50.0,0.0
2359,466.0,0.0
2360,100.0,0.0
2361,323.0,0.0
2362,31.0,0.0
2363,36.0,0.0
2364,8.0,0.0
2365,8.0,0.0
2366,12.0,0.0
2367,7.0,0.0
2368,33.0,0.0
2369,494.0,0.0
2370,104.0,0.0
2371,12.0,0.0
2372,32.0,0.0
2373,309.0,0.0
2374,152.0,0.0
2375,214.0,0.0
2376,24.0,0.0
2377,10.0,0.0
2378,92.0,0.0
2379,195.0,0.0
2380,211.0,0.0
2381,27.0,0.0
2382,233.0,0.0
2383,172.0,0.0
2384,513.0,19.0
2385,12.0,0.0
2386,114.0,0.0
2387,42.0,0.0
2388,47.0,0.0
2389,59.0,0.0
2390,70.0,0.0
2391,90.0,0.0
2392,493.0,73.0
2393,328.0,0.0
2394,245.0,0.0
2395,33.0,0.0
2396,212.0,0.0
2397,223.0,0.0
2398,176.0,0.0
2399,125.0,0.0
2400,94.0,0.0
2401,13.0,0.0
2402,92.0,0.0
2403,54.0,0.0
2404,336.0,0.0
2405,56.0,0.0
2406,132.0,0.0
2407,283.0,0.0
2408,89.0,0.0
2409,324.0,0.0
2410,393.0,261.0
2411,130.0,0.0
2412,19.0,0.0
2413,423.0,0.0
2414,343.0,0.0
2415,9.0,0.0
2416,339.0,0.0
2417,439.0,0.0
2418,20.0,0.0
2419,12.0,0.0
2420,113.0,0.0
2421,20.0,0.0
2422,94.0,0.0
2423,1052.0,3320.0
2424,36.0,0.0
2425,26.0,0.0
2426,35.0,0.0
2427,36.0,0.0
2428,9.0,0.0
2429,9.0,0.0
2430,17.0,0.0
2431,102.0,0.0
2432,24.0,0.0
2433,18.0,0.0
2434,142.0,0.0
2435,9.0,0.0
2436,17.0,0.0
2437,22.0,0.0
2438,116.0,0.0
2439,108.0,0.0
2440,12.0,0.0
2441,17.0,0.0
2442,5.0,0.0
2443,4.0,0.0
2444,16.0,0.0
2445,52.0,0.0
2446,14.0,0.0
2447,14.0,0.0
2448,97.0,0.0
2449,79.0,0.0
2450,816.0,1050.0
2451,435.0,0.0
2452,33.0,0.0
2453,198.0,0.0
2454,118.0,0.0
2455,130.0,0.0
2456,104.0,0.0
2457,163.0,0.0
2458,25.0,0.0
2459,244.0,0.0
2460,641.0,281.0
2461,7.0,0.0
2462,150.0,0.0
2463,9.0,0.0
2464,78.0,0.0
2465,253.0,0.0
2466,108.0,0.0
2467,17.0,0.0
2468,165.0,0.0
2469,403.0,0.0
2470,916.0,201.0
2471,628.0,6.0
2472,28.0,0.0
2473,296.0,0.0
2474,88.0,0.0
2475,89.0,0.0
2476,77.0,0.0
2477,26.0,0.0
2478,167.0,0.0
2479,181.0,0.0
2480,23.0,0.0
2481,150.0,0.0
2482,11.0,0.0
2483,16.0,0.0
2484,82.0,0.0
2485,265.0,0.0
2486,91.0,0.0
2487,215.0,0.0
2488,25.0,0.0
2489,101.0,0.0
2490,211.0,0.0
2491,249.0,0.0
2492,96.0,0.0
2493,43.0,0.0
2494,54.0,0.0
2495,484.0,0.0
2496,28.0,0.0
2497,120.0,0.0
2498,33.0,0.0
2499,31.0,0.0
2500,11.0,0.0
2501,149.0,0.0
2502,10.0,0.0
2503,19.0,0.0
2504,11.0,0.0
2505,49.0,0.0
2506,29.0,0.0
2507,41.0,0.0
2508,20.0,0.0
2509,24.0,0.0
2510,12.0,0.0
2511,29.0,0.0
2512,42.0,0.0
2513,161.0,0.0
2514,280.0,0.0
2515,206.0,0.0
2516,33.0,0.0
2517,101.0,0.0
2518,144.0,0.0
2519,107.0,0.0
2520,291.0,0.0
2521,532.0,0.0
2522,89.0,0.0
2523,541.0,0.0
2524,566.0,0.0
2525,141.0,0.0
2526,72.0,0.0
2527,150.0,0.0
2528,245.0,0.0
2529,169.0,0.0
2530,46.0,0.0
2531,185.0,0.0
2532,143.0,0.0
2533,206.0,0.0
2534,80.0,0.0
2535,233.0,0.0
2536,12.0,0.0
2537,138.0,0.0
2538,77.0,0.0
2539,183.0,0.0
2540,64.0,0.0
2541,118.0,0.0
2542,116.0,0.0
2543,48.0,0.0
2544,10.0,0.0
2545,28.0,0.0
2546,6.0,0.0
2547,5.0,0.0
2548,20.0,0.0
2549,72.0,0.0
2550,13.0,0.0
2551,27.0,0.0
2552,30.0,0.0
2553,114.0,0.0
2554,257.0,0.0
2555,17.0,0.0
2556,223.0,0.0
2557,249.0,0.0
2558,23.0,0.0
2559,27.0,0.0
2560,17.0,0.0
2561,196.0,0.0
2562,93.0,0.0
2563,10.0,0.0
2564,38.0,0.0
2565,22.0,0.0
2566,60.0,0.0
2567,289.0,0.0
2568,19.0,0.0
2569,6.0,0.0
2570,24.0,0.0
2571,46.0,0.0
2572,21.0,0.0
2573,41.0,0.0
2574,71.0,0.0
2575,175.0,0.0
2576,17.0,0.0
2577,65.0,0.0
2578,8.0,0.0
2579,289.0,0.0
2580,20.0,0.0
2581,24.0,0.0
2582,24.0,0.0
2583,109.0,0.0
2584,114.0,0.0
2585,6.0,0.0
2586,133.0,0.0
2587,10.0,0.0
2588,94.0,0.0
2589,5.0,0.0
2590,128.0,0.0
2591,70.0,0.0
2592,56.0,0.0
2593,223.0,0.0
2594,339.0,0.0
2595,345.0,0.0
2596,601.0,25.0
2597,461.0,0.0
2598,599.0,229.0
2599,83.0,0.0
2600,153.0,0.0
2601,144.0,0.0
2602,12.0,0.0
2603,32.0,0.0
2604,36.0,0.0
2605,23.0,0.0
2606,24.0,0.0
2607,19.0,0.0
2608,50.0,0.0
2609,157.0,0.0
2610,17.0,0.0
2611,396.0,0.0
2612,31.0,0.0
2613,46.0,0.0
2614,5.0,0.0
2615,9.0,0.0
2616,12.0,0.0
2617,6.0,0.0
2618,36.0,0.0
2619,11.0,0.0
2620,393.0,0.0
2621,194.0,0.0
2622,161.0,0.0
2623,22.0,0.0
2624,4.0,0.0
2625,5.0,0.0
2626,8.0,0.0
2627,3.0,0.0
2628,92.0,0.0
2629,84.0,0.0
2630,56.0,0.0
2631,754.0,13.0
2632,180.0,0.0
2633,7.0,0.0
2634,60.0,0.0
2635,12.0,0.0
2636,13.0,0.0
2637,31.0,0.0
2638,34.0,0.0
2639,718.0,170.0
2640,5.0,0.0
2641,99.0,0.0
2642,732.0,347.0
2643,84.0,0.0
2644,20.0,0.0
2645,427.0,0.0
2646,20.0,0.0
2647,75.0,0.0
2648,24.0,0.0
2649,14.0,0.0
2650,184.0,0.0
2651,86.0,0.0
2652,16.0,0.0
2653,7.0,0.0
2654,8.0,0.0
2655,9.0,0.0
2656,390.0,0.0
2657,21.0,0.0
2658,94.0,0.0
2659,21.0,0.0
2660,11.0,0.0
2661,168.0,0.0
2662,85.0,0.0
2663,37.0,0.0
2664,13.0,0.0
2665,38.0,0.0
2666,546.0,0.0
2667,6.0,0.0
2668,318.0,0.0
2669,205.0,0.0
2670,106.0,0.0
2671,14.0,0.0
2672,12.0,0.0
2673,42.0,0.0
2674,44.0,0.0
2675,15.0,0.0
2676,175.0,0.0
2677,194.0,0.0
2678,100.0,0.0
2679,164.0,0.0
2680,309.0,0.0
2681,181.0,0.0
2682,60.0,0.0
2683,841.0,874.0
2684,8.0,0.0
2685,6.0,0.0
2686,82.0,0.0
2687,306.0,0.0
2688,85.0,0.0
2689,90.0,0.0
2690,255.0,0.0
2691,70.0,0.0
2692,828.0,1278.0
2693,55.0,0.0
2694,71.0,0.0
2695,35.0,0.0
2696,181.0,0.0
2697,15.0,0.0
2698,7.0,0.0
2699,162.0,0.0
2700,6.0,0.0
2701,17.0,0.0
2702,25.0,0.0
2703,178.0,0.0
2704,489.0,0.0
2705,31.0,0.0
2706,121.0,0.0
2707,35.0,0.0
2708,59.0,0.0
2709,397.0,0.0
2710,205.0,0.0
2711,57.0,0.0
2712,235.0,0.0
2713,223.0,0.0
2714,24.0,0.0
2715,439.0,0.0
2716,12.0,0.0
2717,224.0,0.0
2718,151.0,0.0
2719,20.0,0.0
2720,68.0,0.0
2721,114.0,0.0
2722,12.0,0.0
2723,72.0,0.0
2724,5.0,0.0
2725,112.0,0.0
2726,218.0,0.0
2727,97.0,0.0
2728,447.0,0.0
2729,613.0,649.0
2730,99.0,0.0
2731,64.0,0.0
2732,8.0,0.0
2733,11.0,0.0
2734,143.0,0.0
2735,235.0,0.0
2736,259.0,0.0
2737,11.0,0.0
2738,82.0,0.0
2739,25.0,0.0
2740,8.0,0.0
2741,473.0,56.0
2742,29.0,0.0
2743,254.0,0.0
2744,112.0,0.0
2745,46.0,0.0
2746,147.0,0.0
2747,140.0,0.0
2748,61.0,0.0
2749,254.0,0.0
2750,538.0,0.0
2751,12.0,0.0
2752,59.0,0.0
2753,423.0,0.0
2754,146.0,0.0
2755,24.0,0.0
2756,18.0,0.0
2757,9.0,0.0
2758,95.0,0.0
2759,121.0,0.0
2760,14.0,0.0
2761,12.0,0.0
2762,17.0,0.0
2763,3.0,0.0
2764,48.0,0.0
2765,147.0,0.0
2766,11.0,0.0
2767,1212.0,7725.0
2768,12.0,0.0
2769,8.0,0.0
2770,21.0,0.0
2771,10.0,0.0
2772,14.0,0.0
2773,7.0,0.0
2774,19.0,0.0
2775,15.0,0.0
2776,248.0,0.0
2777,17.0,0.0
2778,70.0,0.0
2779,14.0,0.0
2780,10.0,0.0
2781,82.0,0.0
2782,45.0,0.0
2783,22.0,0.0
2784,11.0,0.0
2785,57.0,0.0
2786,17.0,0.0
2787,97.0,0.0
2788,359.0,0.0
2789,5.0,0.0
2790,14.0,0.0
2791,55.0,0.0
2792,164.0,0.0
2793,115.0,0.0
2794,22.0,0.0
2795,163.0,0.0
2796,153.0,0.0
2797,30.0,0.0
2798,13.0,0.0
2799,46.0,0.0
2800,471.0,81.0
2801,409.0,0.0
2802,8.0,0.0
2803,13.0,0.0
2804,52.0,0.0
2805,47.0,0.0
2806,176.0,0.0
2807,22.0,0.0
2808,137.0,0.0
2809,109.0,0.0
2810,221.0,0.0
2811,12.0,0.0
2812,213.0,0.0
2813,212.0,0.0
2814,41.0,0.0
2815,7.0,0.0
2816,8.0,0.0
2817,28.0,0.0
2818,90.0,0.0
2819,69.0,0.0
2820,309.0,0.0
2821,28.0,0.0
2822,36.0,0.0
2823,12.0,0.0
2824,38.0,0.0
2825,10.0,0.0
2826,10.0,0.0
2827,176.0,0.0
2828,5.0,0.0
2829,12.0,0.0
2830,692.0,399.0
2831,33.0,0.0
2832,6.0,0.0
2833,7.0,0.0
2834,145.0,0.0
2835,86.0,0.0
2836,26.0,0.0
2837,50.0,0.0
2838,41.0,0.0
2839,25.0,0.0
2840,196.0,0.0
2841,103.0,0.0
2842,430.0,0.0
2843,142.0,0.0
2844,252.0,0.0
2845,137.0,0.0
2846,70.0,0.0
2847,7.0,0.0
2848,10.0,0.0
2849,4.0,0.0
2850,5.0,0.0
2851,39.0,0.0
2852,4.0,0.0
2853,12.0,0.0
2854,139.0,0.0
2855,220.0,0.0
2856,375.0,0.0
2857,120.0,0.0
2858,152.0,0.0
2859,522.0,23.0
2860,517.0,0.0
2861,206.0,0.0
2862,49.0,0.0
2863,169.0,0.0
2864,71.0,0.0
2865,64.0,0.0
2866,12.0,0.0
2867,11.0,0.0
2868,13.0,0.0
2869,112.0,0.0
2870,43.0,0.0
2871,20.0,0.0
2872,16.0,0.0
2873,7.0,0.0
2874,165.0,0.0
2875,24.0,0.0
2876,15.0,0.0
2877,45.0,0.0
2878,138.0,0.0
2879,88.0,0.0
2880,34.0,0.0
2881,41.0,0.0
2882,84.0,0.0
2883,90.0,0.0
2884,88.0,0.0
2885,316.0,0.0
2886,18.0,0.0
2887,16.0,0.0
2888,165.0,0.0
2889,24.0,0.0
2890,293.0,0.0
2891,25.0,0.0
2892,30.0,0.0
2893,29.0,0.0
2894,24.0,0.0
2895,238.0,0.0
2896,152.0,0.0
2897,127.0,0.0
2898,13.0,0.0
2899,148.0,0.0
2900,216.0,0.0
2901,39.0,0.0
2902,79.0,0.0
2903,7.0,0.0
2904,768.0,0.0
2905,154.0,0.0
2906,654.0,310.0
2907,40.0,0.0
2908,397.0,0.0
2909,9.0,0.0
2910,24.0,0.0
2911,9.0,0.0
2912,128.0,0.0
2913,8.0,0.0
2914,308.0,0.0
2915,34.0,0.0
2916,10.0,0.0
2917,31.0,0.0
2918,7.0,0.0
2919,8.0,0.0
2920,74.0,0.0
2921,140.0,0.0
2922,56.0,0.0
2923,37.0,0.0
2924,10.0,0.0
2925,11.0,0.0
2926,13.0,0.0
2927,5.0,0.0
2928,8.0,0.0
2929,159.0,0.0
2930,60.0,0.0
2931,183.0,0.0
2932,67.0,0.0
2933,42.0,0.0
2934,134.0,0.0
2935,97.0,0.0
2936,25.0,0.0
2937,113.0,0.0
2938,36.0,0.0
2939,844.0,4676.0
2940,49.0,0.0
2941,27.0,0.0
2942,7.0,0.0
2943,191.0,0.0
2944,6.0,0.0
2945,130.0,0.0
2946,34.0,0.0
2947,8.0,0.0
2948,4.0,0.0
2949,18.0,0.0
2950,37.0,0.0
2951,24.0,0.0
2952,322.0,0.0
2953,22.0,0.0
2954,217.0,0.0
2955,119.0,0.0
2956,28.0,0.0
2957,137.0,0.0
2958,19.0,0.0
2959,5.0,0.0
2960,157.0,0.0
2961,51.0,0.0
2962,38.0,0.0
2963,32.0,0.0
2964,8.0,0.0
2965,39.0,0.0
2966,62.0,0.0
2967,196.0,0.0
2968,6.0,0.0
2969,105.0,0.0
2970,8.0,0.0
2971,10.0,0.0
2972,30.0,0.0
2973,33.0,0.0
2974,226.0,0.0
2975,23.0,0.0
2976,8.0,0.0
2977,12.0,0.0
2978,17.0,0.0
2979,52.0,0.0
2980,5.0,0.0
2981,180.0,0.0
2982,10.0,0.0
2983,46.0,0.0
2984,8.0,0.0
2985,8.0,0.0
2986,25.0,0.0
2987,25.0,0.0
2988,108.0,0.0
2989,8.0,0.0
2990,12.0,0.0
2991,20.0,0.0
2992,19.0,0.0
2993,21.0,0.0
2994,56.0,0.0
2995,7.0,0.0
2996,74.0,0.0
2997,8.0,0.0
2998,232.0,0.0
2999,31.0,0.0
3000,60.0,0.0
3001,357.0,0.0
3002,124.0,0.0
3003,25.0,0.0
3004,159.0,0.0
3005,53.0,0.0
3006,134.0,0.0
3007,9.0,0.0
3008,13.0,0.0
3009,31.0,0.0
3010,11.0,0.0
3011,98.0,0.0
3012,11.0,0.0
3013,16.0,0.0
3014,21.0,0.0
3015,241.0,0.0
3016,9.0,0.0
3017,8.0,0.0
3018,78.0,0.0
3019,671.0,222.0
3020,7.0,0.0
3021,7.0,0.0
3022,18.0,0.0
3023,6.0,0.0
3024,20.0,0.0
3025,6.0,0.0
3026,13.0,0.0
3027,13.0,0.0
3028,115.0,0.0
3029,416.0,0.0
3030,6.0,0.0
3031,12.0,0.0
3032,30.0,0.0
3033,64.0,0.0
3034,251.0,0.0
3035,110.0,0.0
3036,42.0,0.0
3037,5.0,0.0
3038,30.0,0.0
3039,10.0,0.0
3040,7.0,0.0
3041,17.0,0.0
3042,7.0,0.0
3043,70.0,0.0
3044,70.0,0.0
3045,154.0,0.0
3046,79.0,0.0
3047,90.0,0.0
3048,82.0,0.0
3049,119.0,0.0
3050,9.0,0.0
3051,6.0,0.0
3052,59.0,0.0
3053,27.0,0.0
3054,35.0,0.0
3055,9.0,0.0
3056,20.0,0.0
3057,434.0,70.0
3058,184.0,0.0
3059,29.0,0.0
3060,19.0,0.0
3061,213.0,0.0
